Age,Sex,BP,Cholesterol,Na_to_K,Drug
20,F,NORMAL,NORMAL,26.13,DrugY
61,M,NORMAL,NORMAL,8.959,drugX
54,F,HIGH,NORMAL,13.943,drugB
41,M,NORMAL,HIGH,31.748,DrugY
40,F,LOW,NORMAL,7.296,drugX
66,F,LOW,NORMAL,7.45,drugX
20,M,LOW,HIGH,35.123,DrugY
56,M,HIGH,NORMAL,7.705,drugB
27,F,NORMAL,NORMAL,32.019,DrugY
20,M,HIGH,NORMAL,14.828,drugA
46,F,HIGH,NORMAL,6.235,drugA
73,M,HIGH,HIGH,6.344,drugB
59,M,HIGH,NORMAL,37.503,DrugY
60,F,HIGH,HIGH,11.286,drugB
58,M,HIGH,NORMAL,21.758,DrugY
62,F,NORMAL,NORMAL,32.05,DrugY
45,F,NORMAL,HIGH,32.425,DrugY
22,F,HIGH,HIGH,10.865,drugA
65,F,HIGH,HIGH,17.961,DrugY
42,M,LOW,HIGH,8.577,drugC
45,F,NORMAL,HIGH,6.64,drugX
37,F,NORMAL,HIGH,26.412,DrugY
25,M,NORMAL,HIGH,37.866,DrugY
70,F,LOW,HIGH,25.841,DrugY
61,M,LOW,NORMAL,13.475,drugX
53,F,HIGH,HIGH,6.358,drugB
39,M,NORMAL,HIGH,33.434,DrugY
64,M,NORMAL,HIGH,8.212,drugX
47,M,HIGH,NORMAL,27.931,DrugY
41,F,NORMAL,HIGH,8.407,drugX
42,F,HIGH,NORMAL,11.514,drugA
28,M,NORMAL,HIGH,11.016,drugX
20,F,NORMAL,HIGH,9.647,drugX
48,M,HIGH,HIGH,12.095,drugA
68,F,LOW,HIGH,16.225,DrugY
18,M,HIGH,NORMAL,17.624,DrugY
66,M,LOW,HIGH,30.7,DrugY
64,F,NORMAL,HIGH,14.756,drugX
31,F,HIGH,NORMAL,9.848,drugA
52,M,LOW,NORMAL,10.677,drugX
24,F,NORMAL,NORMAL,6.308,drugX
60,M,HIGH,NORMAL,33.6,DrugY
57,F,HIGH,NORMAL,10.726,drugB
36,M,LOW,HIGH,20.518,DrugY
19,M,LOW,NORMAL,29.466,DrugY
73,F,LOW,HIGH,13.94,drugC
41,M,HIGH,HIGH,9.637,drugA
68,F,NORMAL,NORMAL,12.138,drugX
55,M,LOW,NORMAL,30.745,DrugY
61,F,HIGH,NORMAL,14.565,drugB
60,F,NORMAL,HIGH,24.371,DrugY
26,F,NORMAL,NORMAL,7.936,drugX
36,F,LOW,HIGH,13.673,drugC
43,F,HIGH,NORMAL,20.59,DrugY
44,M,LOW,NORMAL,34.799,DrugY
17,F,LOW,NORMAL,23.14,DrugY
47,M,HIGH,NORMAL,12.581,drugA
24,F,LOW,NORMAL,13.842,drugX
59,F,NORMAL,HIGH,9.498,drugX
55,M,HIGH,HIGH,10.698,drugB
70,M,NORMAL,HIGH,12.653,drugX
59,F,HIGH,NORMAL,35.579,DrugY
36,F,NORMAL,HIGH,13.012,drugX
73,M,LOW,HIGH,17.059,DrugY
39,M,HIGH,NORMAL,7.11,drugA
34,M,NORMAL,NORMAL,14.065,drugX
69,F,HIGH,NORMAL,13.73,drugB
37,F,LOW,NORMAL,13.143,drugX
19,M,HIGH,NORMAL,21.946,DrugY
43,M,NORMAL,HIGH,7.978,drugX
62,F,NORMAL,NORMAL,18.261,DrugY
26,F,NORMAL,NORMAL,6.401,drugX
42,F,LOW,NORMAL,38.144,DrugY
22,M,LOW,HIGH,31.29,DrugY
56,F,LOW,NORMAL,28.849,DrugY
43,F,NORMAL,NORMAL,24.164,DrugY
34,F,NORMAL,NORMAL,9.633,drugX
28,M,HIGH,HIGH,8.976,drugA
48,F,LOW,NORMAL,11.496,drugX
55,F,HIGH,NORMAL,23.54,DrugY
71,F,HIGH,NORMAL,16.652,DrugY
41,F,NORMAL,HIGH,19.766,DrugY
24,M,HIGH,NORMAL,14.338,drugA
64,F,NORMAL,NORMAL,25.571,DrugY
52,F,LOW,HIGH,29.758,DrugY
57,M,HIGH,NORMAL,23.03,DrugY
20,F,LOW,HIGH,9.629,drugC
33,M,LOW,NORMAL,37.258,DrugY
61,M,NORMAL,HIGH,7.617,drugX
64,F,LOW,NORMAL,12.156,drugX
41,M,NORMAL,NORMAL,9.153,drugX
63,F,NORMAL,NORMAL,14.508,drugX
65,M,NORMAL,NORMAL,8.319,drugX
38,F,LOW,NORMAL,22.615,DrugY
68,M,HIGH,HIGH,12.755,drugB
32,M,LOW,HIGH,13.865,drugC
29,M,HIGH,NORMAL,8.62,drugA
55,F,LOW,NORMAL,7.958,drugX
53,F,NORMAL,HIGH,30.194,DrugY
23,F,LOW,HIGH,10.742,drugC
64,F,HIGH,NORMAL,10.275,drugB
26,M,LOW,NORMAL,8.457,drugX
63,F,NORMAL,HIGH,6.593,drugX
15,M,NORMAL,HIGH,10.389,drugX
62,M,HIGH,HIGH,14.546,drugB
62,F,LOW,NORMAL,11.877,drugX
61,F,LOW,HIGH,33.395,DrugY
54,M,HIGH,NORMAL,7.163,drugB
43,F,HIGH,HIGH,8.396,drugA
57,F,HIGH,HIGH,26.102,DrugY
31,M,NORMAL,NORMAL,38.078,DrugY
61,M,NORMAL,NORMAL,13.827,drugX
48,F,NORMAL,NORMAL,33.918,DrugY
42,F,NORMAL,NORMAL,35.949,DrugY
45,F,NORMAL,NORMAL,33.293,DrugY
49,M,HIGH,NORMAL,19.378,DrugY
17,M,NORMAL,NORMAL,28.086,DrugY
23,M,HIGH,HIGH,7.399,drugA
29,M,LOW,HIGH,30.183,DrugY
21,M,LOW,NORMAL,11.01,drugX
41,F,LOW,HIGH,7.044,drugC
55,F,HIGH,NORMAL,25.102,DrugY
54,M,HIGH,NORMAL,15.928,DrugY
43,M,NORMAL,HIGH,10.919,drugX
66,M,HIGH,NORMAL,17.479,DrugY
48,F,HIGH,HIGH,16.049,DrugY
19,F,NORMAL,NORMAL,7.595,drugX
60,F,HIGH,HIGH,13.612,drugB
49,F,NORMAL,HIGH,11.283,drugX
53,M,NORMAL,NORMAL,27.022,DrugY
48,M,LOW,NORMAL,8.775,drugX
48,F,HIGH,HIGH,9.43,drugA
20,F,HIGH,NORMAL,17.678,DrugY
48,M,HIGH,NORMAL,12.812,drugA
62,F,LOW,HIGH,16.498,DrugY
33,M,HIGH,NORMAL,31.228,DrugY
51,M,LOW,NORMAL,14.391,drugX
16,F,HIGH,HIGH,22.078,DrugY
35,F,LOW,NORMAL,24.204,DrugY
41,M,HIGH,NORMAL,7.073,drugA
73,M,NORMAL,NORMAL,8.501,drugX
27,F,HIGH,NORMAL,13.564,drugA
31,M,HIGH,NORMAL,7.762,drugA
39,M,HIGH,HIGH,9.798,drugA
74,M,NORMAL,NORMAL,26.839,DrugY
66,F,HIGH,HIGH,8.334,drugB
17,M,LOW,NORMAL,22.794,DrugY
29,M,LOW,HIGH,25.064,DrugY
64,F,LOW,HIGH,13.809,drugC
18,F,NORMAL,HIGH,9.152,drugX
66,M,NORMAL,NORMAL,10.818,drugX
31,F,LOW,HIGH,22.55,DrugY
70,F,NORMAL,HIGH,20.701,DrugY
32,F,HIGH,NORMAL,7.603,drugA
41,M,NORMAL,NORMAL,30.883,DrugY
54,M,LOW,HIGH,20.373,DrugY
22,F,NORMAL,NORMAL,22.74,DrugY
48,M,NORMAL,HIGH,10.704,drugX
45,F,NORMAL,HIGH,10.468,drugX
62,M,NORMAL,NORMAL,10.809,drugX
74,M,LOW,HIGH,31.537,DrugY
54,M,HIGH,NORMAL,18.575,DrugY
39,F,LOW,NORMAL,7.346,drugX
39,M,HIGH,NORMAL,7.293,drugA
40,F,NORMAL,HIGH,14.485,drugX
63,M,HIGH,NORMAL,10.394,drugB
34,F,HIGH,NORMAL,14.493,drugA
25,F,HIGH,HIGH,15.823,DrugY
35,F,LOW,HIGH,17.656,DrugY
16,M,LOW,HIGH,8.007,drugC
21,F,NORMAL,NORMAL,20.682,DrugY
20,M,LOW,NORMAL,6.461,drugX
61,F,HIGH,HIGH,7.235,drugB
58,F,HIGH,NORMAL,14.177,drugB
56,M,HIGH,NORMAL,8.997,drugB
42,F,LOW,NORMAL,11.491,drugX
58,M,NORMAL,HIGH,10.246,drugX
24,M,LOW,HIGH,9.684,drugC
69,F,NORMAL,HIGH,10.827,drugX
45,F,HIGH,NORMAL,34.862,DrugY
71,F,HIGH,NORMAL,14.801,drugB
24,M,NORMAL,NORMAL,13.319,drugX
44,M,HIGH,HIGH,25.598,DrugY
56,F,HIGH,HIGH,29.039,DrugY
44,F,LOW,HIGH,7.53,drugC
41,F,NORMAL,NORMAL,14.21,drugX
24,F,NORMAL,HIGH,33.884,DrugY
37,M,HIGH,NORMAL,22.455,DrugY
29,M,NORMAL,NORMAL,33.562,DrugY
33,F,NORMAL,HIGH,28.977,DrugY
56,M,NORMAL,HIGH,11.618,drugX
52,F,NORMAL,HIGH,12.732,drugX
51,F,HIGH,NORMAL,22.437,DrugY
36,M,NORMAL,NORMAL,8.044,drugX
72,M,HIGH,HIGH,15.789,DrugY
20,M,NORMAL,HIGH,23.104,DrugY
35,F,LOW,NORMAL,11.759,drugX
22,F,NORMAL,HIGH,6.22,drugX
35,F,LOW,HIGH,14.842,drugC
72,F,LOW,HIGH,8.644,drugC
